Age,Study_Hours,Previous_Score,Family_Income,City,Gender,Internet_Access,Admission
18,3,72,45000,Lahore,Male,Yes,No
19,5,81,60000,Faisalabad,Female,Yes,Yes
18,2,65,35000,Chiniot,Male,No,No
20,6,88,75000,Lahore,Female,Yes,Yes
21,7,91,90000,Sargodha,Male,Yes,Yes
19,4,76,50000,Faisalabad,Male,Yes,Yes
18,1,58,30000,Chiniot,Female,No,No
22,8,95,100000,Lahore,Male,Yes,Yes
20,5,84,65000,Sargodha,Female,Yes,Yes
19,3,70,40000,Chiniot,Male,No,No
21,6,87,80000,Faisalabad,Female,Yes,Yes
18,2,62,32000,Lahore,Male,No,No
20,4,79,55000,Sargodha,Male,Yes,Yes
22,7,93,85000,Faisalabad,Female,Yes,Yes
19,3,68,38000,Chiniot,Female,No,No
21,5,82,70000,Lahore,Male,Yes,Yes
18,2,60,31000,Faisalabad,Female,No,No
20,6,89,72000,Sargodha,Male,Yes,Yes
19,4,74,48000,Lahore,Female,Yes,No
22,8,97,110000,Faisalabad,Male,Yes,Yes
18,,67,36000,Chiniot,Male,No,No
20,5,,68000,Lahore,Female,Yes,Yes
21,6,86,,Sargodha,Male,Yes,Yes
19,3,71,42000,,Female,No,No
18,2,63,34000,Faisalabad,,No,No
22,7,92,95000,Lahore,Male,,Yes
20,4,78,52000,Chiniot,Female,Yes,Yes
19,5,80,58000,Sargodha,Male,Yes,Yes
21,6,90,82000,Faisalabad,Female,Yes,Yes
18,1,55,28000,Lahore,Male,No,No